{
  "src": [
    "communities/german/combined.webm",
    "communities/german/combined.mp3"
  ],
  "sprite": {
    "neutral-response-alright": [
      0,
      1365.3514739229024
    ],
    "neutral-response-ok": [
      3000,
      1045.3514739229029
    ],
    "no": [
      6000,
      1045.3514739229029
    ],
    "pop": [
      9000,
      548.571428571428
    ],
    "s-diversebeliefs-a-1": [
      11000,
      2645.3514739229026
    ],
    "s-diversebeliefs-a": [
      15000,
      7104.013605442176
    ],
    "s-diversebeliefs-a-left": [
      24000,
      2517.3469387755104
    ],
    "s-diversebeliefs-a-right": [
      28000,
      2581.3378684807267
    ],
    "s-diversebeliefs-b-left-nay": [
      32000,
      4117.346938775512
    ],
    "s-diversebeliefs-b-right-nay": [
      38000,
      4202.653061224489
    ],
    "s-diversebeliefs-b": [
      44000,
      3520.000000000003
    ],
    "s-diversebeliefs-b-left": [
      49000,
      2389.3197278911557
    ],
    "s-diversebeliefs-b-right": [
      53000,
      2410.6802721088416
    ],
    "s-diversedesires-a-1": [
      57000,
      7132.6303854875305
    ],
    "s-diversedesires-a-2": [
      66000,
      4383.877551020404
    ],
    "s-diversedesires-a-3": [
      72000,
      1898.6848072562311
    ],
    "s-diversedesires-a-4": [
      75000,
      1749.3197278911623
    ],
    "s-diversedesires-a-5": [
      78000,
      1840.4761904761954
    ],
    "s-diversedesires-a-6": [
      81000,
      4503.401360544217
    ],
    "s-diversedesires-a-7": [
      87000,
      2218.6848072562384
    ],
    "s-diversedesires-a-8": [
      91000,
      2368.0045351473923
    ],
    "s-diversedesires-a-left": [
      95000,
      1045.3514739229063
    ],
    "s-diversedesires-a-right": [
      98000,
      1045.3514739229063
    ],
    "s-diversedesires-a": [
      101000,
      5141.3378684807185
    ],
    "s-diversedesires-b-1": [
      108000,
      7500
    ],
    "s-diversedesires-b-2": [
      117000,
      4319.251700680269
    ],
    "s-diversedesires-b-3": [
      123000,
      1984.0136054421719
    ],
    "s-diversedesires-b-4": [
      126000,
      1728.0045351473916
    ],
    "s-diversedesires-b-5": [
      129000,
      1870.8390022675871
    ],
    "s-diversedesires-b-6": [
      132000,
      3878.5260770975183
    ],
    "s-diversedesires-b-7": [
      137000,
      2005.3514739229001
    ],
    "s-diversedesires-b-8": [
      141000,
      2069.3197278911557
    ],
    "s-diversedesires-b-left": [
      145000,
      1045.3514739228922
    ],
    "s-diversedesires-b-right": [
      148000,
      1045.3514739228922
    ],
    "s-diversedesires-b": [
      151000,
      5952.018140589558
    ],
    "s-diversedesires-c-left": [
      158000,
      1045.3514739228922
    ],
    "s-diversedesires-c-right": [
      161000,
      1045.3514739228922
    ],
    "s-diversedesires-c": [
      164000,
      7253.33333333333
    ],
    "s-diversedesires-d-1": [
      173000,
      1962.6530612245006
    ],
    "s-diversedesires-d-2": [
      176000,
      2090.680272108841
    ],
    "s-diversedesires-d-3-nay": [
      180000,
      1834.6712018140465
    ],
    "s-diversedesires-d-3-yay": [
      183000,
      2090.680272108841
    ],
    "s-diversedesires-d-4": [
      187000,
      2346.6666666666642
    ],
    "s-diversedesires-d-5-nay": [
      191000,
      1770.680272108848
    ],
    "s-diversedesires-d-5-yay": [
      194000,
      1941.3378684807299
    ],
    "s-diversedesires-d-6": [
      197000,
      2304.013605442179
    ],
    "s-diversedesires-d-left": [
      201000,
      1045.3514739228922
    ],
    "s-diversedesires-d-right": [
      204000,
      1045.3514739228922
    ],
    "s-diversedesires-d": [
      207000,
      4800.000000000011
    ],
    "s-emojichoice-1": [
      213000,
      5525.35147392291
    ],
    "s-emojichoice-2": [
      220000,
      1642.653061224479
    ],
    "s-emojichoice-3": [
      223000,
      2005.3514739229001
    ],
    "s-emojichoice-center": [
      227000,
      1045.3514739228922
    ],
    "s-emojichoice-feedback": [
      230000,
      4352.018140589564
    ],
    "s-emojichoice-left": [
      236000,
      1045.3514739228922
    ],
    "s-emojichoice-right": [
      239000,
      1045.3514739228922
    ],
    "s-emojichoice": [
      242000,
      9218.390022675749
    ],
    "s-falsebelief-two-a-1": [
      253000,
      6293.33333333335
    ],
    "s-falsebelief-two-a-2": [
      261000,
      5930.680272108816
    ],
    "s-falsebelief-two-a-3": [
      268000,
      3797.3469387754903
    ],
    "s-falsebelief-two-a-4": [
      273000,
      13098.684807256233
    ],
    "s-falsebelief-two-a-5": [
      288000,
      3242.6530612244733
    ],
    "s-falsebelief-two-a-left": [
      293000,
      1130.6802721088616
    ],
    "s-falsebelief-two-a-right": [
      296000,
      1450.6802721088548
    ],
    "s-falsebelief-two-a": [
      299000,
      6570.680272108859
    ],
    "s-knowledgeaccess-a-1": [
      307000,
      7552.018140589553
    ],
    "s-knowledgeaccess-a-2": [
      316000,
      2752.0181405895414
    ],
    "s-knowledgeaccess-a-3": [
      320000,
      3882.6530612245165
    ],
    "s-knowledgeaccess-a-4": [
      325000,
      2048.004535147413
    ],
    "s-knowledgeaccess-a": [
      329000,
      2944.013605442194
    ],
    "s-knowledgeaccess-b-1": [
      333000,
      5866.666666666674
    ],
    "s-knowledgeaccess-b-2": [
      340000,
      3754.6712018140624
    ],
    "s-knowledgeaccess-b-3": [
      345000,
      1877.3469387755313
    ],
    "s-knowledgeaccess-b-4": [
      348000,
      3370.6802721088707
    ],
    "s-knowledgeaccess-b-5": [
      353000,
      3434.6712018140693
    ],
    "s-knowledgeaccess-b-left": [
      358000,
      1045.3514739228922
    ],
    "s-knowledgeaccess-b-right": [
      361000,
      1045.3514739228922
    ],
    "s-knowledgeaccess-b": [
      364000,
      2730.6802721088275
    ],
    "s-knowledgeaccess-c-1": [
      368000,
      7658.684807256236
    ],
    "s-knowledgeaccess-c-2": [
      377000,
      1877.3469387755313
    ],
    "s-knowledgeaccess-c-3": [
      380000,
      2282.6530612244937
    ],
    "s-knowledgeaccess-c-4": [
      384000,
      3093.3333333333053
    ],
    "s-knowledgeaccess-c-5": [
      389000,
      1984.0136054421578
    ],
    "s-knowledgeaccess-c-6-alternative": [
      392000,
      2261.337868480723
    ],
    "s-knowledgeaccess-c-6": [
      396000,
      4904.331065759663
    ],
    "s-knowledgeaccess-c-7": [
      402000,
      2304.013605442151
    ],
    "s-knowledgeaccess-c-left": [
      406000,
      1045.3514739228922
    ],
    "s-knowledgeaccess-c-right": [
      409000,
      1045.3514739228922
    ],
    "s-knowledgeaccess-c-rooster": [
      412000,
      1933.0612244897907
    ],
    "s-knowledgeaccess-c": [
      415000,
      2666.6666666666856
    ],
    "s-names-1": [
      419000,
      3775.986394557833
    ],
    "s-names-2": [
      424000,
      572.290249433081
    ],
    "s-names-3": [
      426000,
      892.607709750564
    ],
    "s-names-4": [
      428000,
      1045.3514739228922
    ],
    "s-names-correct": [
      431000,
      6869.319727891138
    ],
    "s-names-incorrect": [
      439000,
      4480.000000000018
    ],
    "s-names-left": [
      445000,
      1237.346938775488
    ],
    "s-names-right": [
      448000,
      1045.3514739228922
    ],
    "s-names": [
      451000,
      1493.3333333333394
    ],
    "s-perspectivetaking-one-a": [
      454000,
      4032.018140589571
    ],
    "s-perspectivetaking-one-b": [
      460000,
      5013.333333333321
    ],
    "s-perspectivetaking-one-c": [
      467000,
      4544.01360544216
    ],
    "s-perspectivetaking-one-d": [
      473000,
      2837.346938775511
    ],
    "s-perspectivetaking-two-a-left": [
      477000,
      1429.3197278911407
    ],