{
  "src": [
    "communities/german/combined.webm",
    "communities/german/combined.mp3"
  ],
  "sprite": {
    "neutral-response-alright": [
      0,
      1365.3514739229024
    ],
    "neutral-response-ok": [
      3000,
      1045.3514739229029
    ],
    "no": [
      6000,
      1045.3514739229029
    ],
    "pop": [
      9000,
      548.571428571428
    ],
    "s-diversebeliefs-a-1": [
      11000,
      4480
    ],
    "s-diversebeliefs-a-left": [
      17000,
      1130.6802721088438
    ],
    "s-diversebeliefs-a-right": [
      20000,
      1322.6530612244894
    ],
    "s-diversebeliefs-a": [
      23000,
      4309.3197278911575
    ],
    "s-diversebeliefs-b-1": [
      29000,
      1365.351473922903
    ],
    "s-diversebeliefs-b-left-nay": [
      32000,
      3733.3333333333344
    ],
    "s-diversebeliefs-b-left": [
      37000,
      1130.6802721088402
    ],
    "s-diversebeliefs-b-right-nay": [
      40000,
      3264.0136054421732
    ],
    "s-diversebeliefs-b-right": [
      45000,
      1322.6530612244928
    ],
    "s-diversebeliefs-b": [
      48000,
      2688.0045351473923
    ],
    "s-diversebeliefs-c-1-left": [
      52000,
      3127.1882086167793
    ],
    "s-diversebeliefs-c-1-right": [
      57000,
      3344.4444444444416
    ],
    "s-diversebeliefs-c-2": [
      62000,
      2671.3378684807194
    ],
    "s-diversebeliefs-c-3-left": [
      66000,
      3487.93650793651
    ],
    "s-diversebeliefs-c-3-right": [
      71000,
      3416.34920634921
    ],
    "s-diversebeliefs-c-left": [
      76000,
      483.2426303854902
    ],
    "s-diversebeliefs-c-right": [
      78000,
      556.0317460317492
    ],
    "s-diversebeliefs-c": [
      80000,
      2417.2108843537358
    ],
    "s-diversedesires-a-1": [
      84000,
      7132.6303854875305
    ],
    "s-diversedesires-a-2": [
      93000,
      4383.877551020404
    ],
    "s-diversedesires-a-3": [
      99000,
      1898.6848072562311
    ],
    "s-diversedesires-a-4": [
      102000,
      1749.3197278911623
    ],
    "s-diversedesires-a-5": [
      105000,
      1840.4761904761954
    ],
    "s-diversedesires-a-6": [
      108000,
      4503.401360544217
    ],
    "s-diversedesires-a-7": [
      114000,
      2218.6848072562384
    ],
    "s-diversedesires-a-8": [
      118000,
      2368.0045351473923
    ],
    "s-diversedesires-a-left": [
      122000,
      1045.3514739229063
    ],
    "s-diversedesires-a-right": [
      125000,
      1045.3514739229063
    ],
    "s-diversedesires-a": [
      128000,
      5141.3378684807185
    ],
    "s-diversedesires-b-1": [
      135000,
      7500
    ],
    "s-diversedesires-b-2": [
      144000,
      4319.251700680269
    ],
    "s-diversedesires-b-3": [
      150000,
      1984.0136054421862
    ],
    "s-diversedesires-b-4": [
      153000,
      1728.0045351473916
    ],
    "s-diversedesires-b-5": [
      156000,
      1870.8390022675871
    ],
    "s-diversedesires-b-6": [
      159000,
      3878.5260770975183
    ],
    "s-diversedesires-b-7": [
      164000,
      2005.3514739229001
    ],
    "s-diversedesires-b-8": [
      168000,
      2069.3197278911557
    ],
    "s-diversedesires-b-left": [
      172000,
      1045.3514739228922
    ],
    "s-diversedesires-b-right": [
      175000,
      1045.3514739228922
    ],
    "s-diversedesires-b": [
      178000,
      5952.018140589558
    ],
    "s-diversedesires-c-left": [
      185000,
      1045.3514739228922
    ],
    "s-diversedesires-c-right": [
      188000,
      1045.3514739228922
    ],
    "s-diversedesires-c": [
      191000,
      7253.33333333333
    ],
    "s-diversedesires-d-1": [
      200000,
      1962.6530612245006
    ],
    "s-diversedesires-d-2": [
      203000,
      2090.680272108841
    ],
    "s-diversedesires-d-3-nay": [
      207000,
      1834.6712018140465
    ],
    "s-diversedesires-d-3-yay": [
      210000,
      2090.680272108841
    ],
    "s-diversedesires-d-4": [
      214000,
      2346.6666666666642
    ],
    "s-diversedesires-d-5-nay": [
      218000,
      1770.680272108848
    ],
    "s-diversedesires-d-5-yay": [
      221000,
      1941.3378684807299
    ],
    "s-diversedesires-d-6": [
      224000,
      2304.013605442179
    ],
    "s-diversedesires-d-left": [
      228000,
      1045.3514739228922
    ],
    "s-diversedesires-d-right": [
      231000,
      1045.3514739228922
    ],
    "s-diversedesires-d": [
      234000,
      4800.000000000011
    ],
    "s-diversedesires-e-1": [
      240000,
      7506.666666666661
    ],
    "s-diversedesires-e-2": [
      249000,
      2335.1247165532814
    ],
    "s-diversedesires-e-3": [
      253000,
      2159.6371882086205
    ],
    "s-diversedesires-e-4": [
      257000,
      1748.458049886608
    ],
    "s-diversedesires-e-left": [
      260000,
      1078.2539682539891
    ],
    "s-diversedesires-e-right": [
      263000,
      1029.047619047617
    ],
    "s-diversedesires-e": [
      266000,
      3500
    ],
    "s-dogtraining-1": [
      271000,
      6912.018140589566
    ],
    "s-dogtraining-2": [
      279000,
      2858.6848072562248
    ],
    "s-dogtraining-correct": [
      283000,
      4864.013605442153
    ],
    "s-dogtraining-incorrect": [
      289000,
      3690.680272108864
    ],
    "s-dogtraining": [
      294000,
      1962.6530612245006
    ],
    "s-emojichoice-center": [
      297000,
      1045.3514739228922
    ],
    "s-emojichoice-feedback": [
      300000,
      4352.018140589564
    ],
    "s-emojichoice-left": [
      306000,
      1045.3514739228922
    ],
    "s-emojichoice-right": [
      309000,
      11146.643990929704
    ],
    "s-emojichoice": [
      322000,
      8500.725623582752
    ],
    "s-falsebelief-col-a-1": [
      332000,
      3587.482993197284
    ],
    "s-falsebelief-col-a-2": [
      337000,
      2701.791383219927
    ],
    "s-falsebelief-col-a-3": [
      341000,
      1857.3696145124927
    ],
    "s-falsebelief-col-a-4": [
      344000,
      4748.979591836758
    ],
    "s-falsebelief-col-a-5": [
      350000,
      4627.845804988681
    ],
    "s-falsebelief-col-a-6": [
      356000,
      5120.929705215417
    ],
    "s-falsebelief-col-a-left": [
      363000,
      1666.4172335600824
    ],
    "s-falsebelief-col-a-right": [
      366000,
      1629.7052154195057
    ],
    "s-falsebelief-col-a": [
      369000,
      4894.625850340162
    ],
    "s-falsebelief-col-b-1": [
      375000,
      5719.047619047615
    ],
    "s-falsebelief-col-b-10": [
      382000,
      2805.2834467119965
    ],
    "s-falsebelief-col-b-11": [
      386000,
      1544.875283446686
    ],
    "s-falsebelief-col-b-2": [
      389000,
      4099.682539682533
    ],
    "s-falsebelief-col-b-3": [
      395000,
      1483.2653061224619
    ],
    "s-falsebelief-col-b-4": [
      398000,
      4507.4603174603
    ],
    "s-falsebelief-col-b-5": [
      404000,
      2231.201814058977
    ],
    "s-falsebelief-col-b-6": [
      408000,
      2799.4557823129185
    ],
    "s-falsebelief-col-b-7": [
      412000,
      1636.0544217687334
    ],
    "s-falsebelief-col-b-8": [
      415000,
      4011.541950113383
    ],
    "s-falsebelief-col-b-9": [
      421000,
      2211.043083900222
    ],
    "s-falsebelief-col-b-center": [
      425000,
      1823.40136054421
    ],
    "s-falsebelief-col-b-left": [
      428000,
      1689.9319727891111
    ],
    "s-falsebelief-col-b-right": [
      431000,
      1564.1043083900286
    ],
    "s-falsebelief-col-b": [
      434000,
      5449.886621315216
    ],
    "s-falsebelief-two-a-1": [
      441000,
      6293.33333333335
    ],
    "s-falsebelief-two-a-2": [
      449000,
      5930.680272108816
    ],
    "s-falsebelief-two-a-3": [
      456000,
      3797.3469387754903
    ],
    "s-falsebelief-two-a-4": [
      461000,
      13098.684807256233
    ],
    "s-falsebelief-two-a-5": [
      476000,
      3242.6530612244733
    ],