{
	"src": [
		"communities/german/combined.webm",
		"communities/german/combined.mp3"
	],
	"sprite": {
		"neutral-response-alright": [0, 1365.3514739229024],
		"neutral-response-ok": [3000, 1045.3514739229029],
		"no": [6000, 1045.3514739229029],
		"pop": [9000, 548.571428571428],
		"s-diversedesires-a-1": [11000, 7132.630385487527],
		"s-diversedesires-a-2": [20000, 4383.877551020408],
		"s-diversedesires-a-3": [26000, 1898.6848072562345],
		"s-diversedesires-a-4": [29000, 1749.3197278911553],
		"s-diversedesires-a-5": [32000, 1840.4761904761883],
		"s-diversedesires-a-6": [35000, 4503.401360544217],
		"s-diversedesires-a-7": [41000, 2218.6848072562384],
		"s-diversedesires-a-8": [45000, 2368.0045351473923],
		"s-diversedesires-a-left": [49000, 1045.3514739228992],
		"s-diversedesires-a-right": [52000, 1045.3514739228992],
		"s-diversedesires-a": [55000, 5141.337868480726],
		"s-diversedesires-b-1": [62000, 7500],
		"s-diversedesires-b-2": [71000, 4319.251700680269],
		"s-diversedesires-b-3": [77000, 1984.0136054421719],
		"s-diversedesires-b-4": [80000, 1728.0045351473916],
		"s-diversedesires-b-5": [83000, 1870.839002267573],
		"s-diversedesires-b-6": [86000, 3878.526077097504],
		"s-diversedesires-b-7": [91000, 2005.3514739229001],
		"s-diversedesires-b-8": [95000, 2069.3197278911557],
		"s-diversedesires-b-left": [99000, 1045.3514739229063],
		"s-diversedesires-b-right": [102000, 1045.3514739229063],
		"s-diversedesires-b": [105000, 5952.018140589573],
		"s-diversedesires-c-left": [112000, 1045.3514739229063],
		"s-diversedesires-c-right": [115000, 1045.3514739229063],
		"s-diversedesires-c": [118000, 7253.33333333333],
		"s-diversedesires-d-1": [127000, 1962.6530612245006],
		"s-diversedesires-d-2": [130000, 2090.680272108841],
		"s-diversedesires-d-3-nay": [134000, 1834.6712018140465],
		"s-diversedesires-d-3-yay": [137000, 2090.680272108841],
		"s-diversedesires-d-4": [141000, 2346.6666666666642],
		"s-diversedesires-d-5-nay": [145000, 1770.680272108848],
		"s-diversedesires-d-5-yay": [148000, 1941.3378684807299],
		"s-diversedesires-d-6": [151000, 2304.013605442179],
		"s-diversedesires-d-left": [155000, 1045.3514739228922],
		"s-diversedesires-d-right": [158000, 1045.3514739228922],
		"s-diversedesires-d": [161000, 4800.000000000011],
		"s-emojichoice-1": [167000, 5525.35147392291],
		"s-emojichoice-2": [174000, 1642.653061224479],
		"s-emojichoice-3": [177000, 2005.3514739229001],
		"s-emojichoice-center": [181000, 1045.3514739228922],
		"s-emojichoice-feedback": [184000, 4352.018140589564],
		"s-emojichoice-left": [190000, 1045.3514739228922],
		"s-emojichoice-right": [193000, 1045.3514739228922],
		"s-emojichoice": [196000, 9218.390022675749],
		"s-falsebelief-two-a-1": [207000, 6293.333333333322],
		"s-falsebelief-two-a-2": [215000, 5930.680272108844],
		"s-falsebelief-two-a-3": [222000, 3797.3469387755185],
		"s-falsebelief-two-a-4": [227000, 13098.684807256233],
		"s-falsebelief-two-a-5": [242000, 3242.6530612245015],
		"s-falsebelief-two-a-left": [247000, 1130.6802721088332],
		"s-falsebelief-two-a-right": [250000, 1450.6802721088548],
		"s-falsebelief-two-a": [253000, 6570.680272108859],
		"s-knowledgeaccess-a-1": [261000, 7552.018140589553],
		"s-knowledgeaccess-a-2": [270000, 2752.0181405895414],
		"s-knowledgeaccess-a-3": [274000, 3882.6530612245165],
		"s-knowledgeaccess-a-4": [279000, 2048.004535147413],
		"s-knowledgeaccess-a": [283000, 2944.013605442194],
		"s-knowledgeaccess-b-1": [287000, 5866.666666666674],
		"s-knowledgeaccess-b-2": [294000, 3754.6712018140624],
		"s-knowledgeaccess-b-3": [299000, 1877.3469387755313],
		"s-knowledgeaccess-b-4": [302000, 3370.6802721088707],
		"s-knowledgeaccess-b-5": [307000, 3434.6712018140693],
		"s-knowledgeaccess-b-left": [312000, 1045.3514739228922],
		"s-knowledgeaccess-b-right": [315000, 1045.3514739228922],
		"s-knowledgeaccess-b": [318000, 2730.6802721088275],
		"s-knowledgeaccess-c-1": [322000, 7658.684807256236],
		"s-knowledgeaccess-c-2": [331000, 1877.3469387755313],
		"s-knowledgeaccess-c-3": [334000, 2282.6530612244937],
		"s-knowledgeaccess-c-4": [338000, 3093.3333333333053],
		"s-knowledgeaccess-c-5": [343000, 1984.0136054421578],
		"s-knowledgeaccess-c-6-alternative": [346000, 2261.337868480723],
		"s-knowledgeaccess-c-6": [350000, 4904.331065759663],
		"s-knowledgeaccess-c-7": [356000, 2304.013605442151],
		"s-knowledgeaccess-c-left": [360000, 1045.3514739228922],
		"s-knowledgeaccess-c-right": [363000, 1045.3514739228922],
		"s-knowledgeaccess-c-rooster": [366000, 1933.0612244897907],
		"s-knowledgeaccess-c": [369000, 2666.6666666666856],
		"s-names-1": [373000, 3775.986394557833],
		"s-names-2": [378000, 572.290249433081],
		"s-names-3": [380000, 892.607709750564],
		"s-names-4": [382000, 1045.3514739228922],
		"s-names-correct": [385000, 6869.319727891138],
		"s-names-incorrect": [393000, 4480.000000000018],
		"s-names-left": [399000, 1237.346938775488],
		"s-names-right": [402000, 1045.3514739228922],
		"s-names": [405000, 1493.3333333333394],
		"s-perspectivetaking-one-a": [408000, 4032.018140589571],
		"s-perspectivetaking-one-b": [414000, 5013.333333333321],
		"s-perspectivetaking-one-c": [421000, 4544.01360544216],
		"s-perspectivetaking-one-d": [427000, 2837.346938775511],
		"s-perspectivetaking-two-a-left": [431000, 1429.3197278911407],
		"s-perspectivetaking-two-a-right": [434000, 1386.666666666656],
		"s-perspectivetaking-two-a": [437000, 6720.000000000027],
		"s-perspectivetaking-two-b-left": [445000, 1024.0136054421782],
		"s-perspectivetaking-two-b-right": [448000, 1045.3514739228922],
		"s-perspectivetaking-two-b": [451000, 13546.66666666668],
		"s-perspectivetaking-two-c-left": [466000, 1045.3514739228922],
		"s-perspectivetaking-two-c-right": [469000, 1045.3514739228922],
		"s-perspectivetaking-two-c": [472000, 12074.671201814055],
		"s-perspectivetaking-two-d-left": [486000, 1173.3333333333462],
		"s-perspectivetaking-two-d-right": [489000, 1344.0136054421714],
		"s-perspectivetaking-two-d": [492000, 13759.99999999999],
		"s-yesnotraining-a-1": [507000, 12693.333333333385],
		"s-yesnotraining-a-2": [521000, 4309.319727891193],
		"s-yesnotraining-a-correct": [527000, 5034.671201814035],
		"s-yesnotraining-a-incorrect": [534000, 4992.018140589607],
		"s-yesnotraining-a": [540000, 2389.3197278911202],
		"yes": [544000, 1045.3514739228922]
	}
}
