{
  "src": [
    "communities/german/combined.webm",
    "communities/german/combined.mp3"
  ],
  "sprite": {
    "neutral-response-alright": [
      0,
      1365.3514739229024
    ],
    "neutral-response-ok": [
      3000,
      1045.3514739229029
    ],
    "no": [
      6000,
      1045.3514739229029
    ],
    "pop": [
      9000,
      548.571428571428
    ],
    "s-aspectuality-a-1": [
      11000,
      3454.3537414965986
    ],
    "s-aspectuality-a-2": [
      16000,
      4493.605442176871
    ],
    "s-aspectuality-a-3": [
      22000,
      1955.9183673469392
    ],
    "s-aspectuality-a-4": [
      25000,
      3820.0680272108834
    ],
    "s-aspectuality-a-5": [
      30000,
      1825.8503401360535
    ],
    "s-aspectuality-a-left": [
      33000,
      1299.9999999999973
    ],
    "s-aspectuality-a-right": [
      36000,
      700.0000000000028
    ],
    "s-aspectuality-a": [
      38000,
      2727.9138321995474
    ],
    "s-diversebeliefs-a-1": [
      42000,
      4480.000000000004
    ],
    "s-diversebeliefs-a-left": [
      48000,
      1130.6802721088402
    ],
    "s-diversebeliefs-a-right": [
      51000,
      1322.6530612244928
    ],
    "s-diversebeliefs-a": [
      54000,
      4309.3197278911575
    ],
    "s-diversebeliefs-b-1": [
      60000,
      1365.3514739228995
    ],
    "s-diversebeliefs-b-left-nay": [
      63000,
      3733.3333333333344
    ],
    "s-diversebeliefs-b-left": [
      68000,
      1130.6802721088475
    ],
    "s-diversebeliefs-b-right-nay": [
      71000,
      3264.0136054421732
    ],
    "s-diversebeliefs-b-right": [
      76000,
      1322.6530612244858
    ],
    "s-diversebeliefs-b": [
      79000,
      2688.0045351473996
    ],
    "s-diversebeliefs-c-1-left": [
      83000,
      3127.188208616786
    ],
    "s-diversebeliefs-c-1-right": [
      88000,
      3344.4444444444484
    ],
    "s-diversebeliefs-c-2": [
      93000,
      2671.3378684807194
    ],
    "s-diversebeliefs-c-3-left": [
      97000,
      3487.93650793651
    ],
    "s-diversebeliefs-c-3-right": [
      102000,
      3416.34920634921
    ],
    "s-diversebeliefs-c-left": [
      107000,
      483.2426303854902
    ],
    "s-diversebeliefs-c-right": [
      109000,
      556.0317460317492
    ],
    "s-diversebeliefs-c": [
      111000,
      2417.2108843537358
    ],
    "s-diversedesires-a-1": [
      115000,
      7132.6303854875305
    ],
    "s-diversedesires-a-2": [
      124000,
      4383.877551020419
    ],
    "s-diversedesires-a-3": [
      130000,
      1898.6848072562452
    ],
    "s-diversedesires-a-4": [
      133000,
      1749.3197278911623
    ],
    "s-diversedesires-a-5": [
      136000,
      1840.4761904761813
    ],
    "s-diversedesires-a-6": [
      139000,
      4503.401360544217
    ],
    "s-diversedesires-a-7": [
      145000,
      2218.6848072562384
    ],
    "s-diversedesires-a-8": [
      149000,
      2368.0045351474064
    ],
    "s-diversedesires-a-left": [
      153000,
      1045.3514739228922
    ],
    "s-diversedesires-a-right": [
      156000,
      1045.3514739228922
    ],
    "s-diversedesires-a": [
      159000,
      5141.3378684807185
    ],
    "s-diversedesires-b-1": [
      166000,
      7500
    ],
    "s-diversedesires-b-2": [
      175000,
      4319.251700680269
    ],
    "s-diversedesires-b-3": [
      181000,
      1984.0136054421862
    ],
    "s-diversedesires-b-4": [
      184000,
      1728.0045351473916
    ],
    "s-diversedesires-b-5": [
      187000,
      1870.8390022675871
    ],
    "s-diversedesires-b-6": [
      190000,
      3878.5260770975183
    ],
    "s-diversedesires-b-7": [
      195000,
      2005.3514739229001
    ],
    "s-diversedesires-b-8": [
      199000,
      2069.3197278911557
    ],
    "s-diversedesires-b-left": [
      203000,
      1045.3514739228922
    ],
    "s-diversedesires-b-right": [
      206000,
      1045.3514739228922
    ],
    "s-diversedesires-b": [
      209000,
      5952.018140589558
    ],
    "s-diversedesires-c-left": [
      216000,
      1045.3514739228922
    ],
    "s-diversedesires-c-right": [
      219000,
      1045.3514739228922
    ],
    "s-diversedesires-c": [
      222000,
      7253.33333333333
    ],
    "s-diversedesires-d-1": [
      231000,
      1962.6530612245006
    ],
    "s-diversedesires-d-2": [
      234000,
      2090.680272108841
    ],
    "s-diversedesires-d-3-nay": [
      238000,
      1834.6712018140465
    ],
    "s-diversedesires-d-3-yay": [
      241000,
      2090.680272108841
    ],
    "s-diversedesires-d-4": [
      245000,
      2346.6666666666642
    ],
    "s-diversedesires-d-5-nay": [
      249000,
      1770.680272108848
    ],
    "s-diversedesires-d-5-yay": [
      252000,
      1941.3378684807299
    ],
    "s-diversedesires-d-6": [
      255000,
      2304.013605442151
    ],
    "s-diversedesires-d-left": [
      259000,
      1045.3514739228922
    ],
    "s-diversedesires-d-right": [
      262000,
      1045.3514739228922
    ],
    "s-diversedesires-d": [
      265000,
      4800.000000000011
    ],
    "s-diversedesires-e-1": [
      271000,
      7506.666666666661
    ],
    "s-diversedesires-e-2": [
      280000,
      2335.1247165533096
    ],
    "s-diversedesires-e-3": [
      284000,
      2159.637188208592
    ],
    "s-diversedesires-e-4": [
      288000,
      1748.458049886608
    ],
    "s-diversedesires-e-left": [
      291000,
      1078.2539682539891
    ],
    "s-diversedesires-e-right": [
      294000,
      1029.047619047617
    ],
    "s-diversedesires-e": [
      297000,
      3500
    ],
    "s-dogtraining-1": [
      302000,
      6912.018140589566
    ],
    "s-dogtraining-2": [
      310000,
      2858.6848072562248
    ],
    "s-dogtraining-correct": [
      314000,
      4864.013605442153
    ],
    "s-dogtraining-incorrect": [
      320000,
      3690.680272108864
    ],
    "s-dogtraining": [
      325000,
      1962.6530612245006
    ],
    "s-emojichoice-center": [
      328000,
      1045.3514739228922
    ],
    "s-emojichoice-feedback": [
      331000,
      4352.018140589564
    ],
    "s-emojichoice-left": [
      337000,
      1045.3514739228922
    ],
    "s-emojichoice-right": [
      340000,
      11146.643990929704
    ],
    "s-emojichoice": [
      353000,
      8500.725623582752
    ],
    "s-falsebelief-col-a-1": [
      363000,
      3587.482993197284
    ],
    "s-falsebelief-col-a-2": [
      368000,
      2701.791383219927
    ],
    "s-falsebelief-col-a-3": [
      372000,
      1857.3696145124927
    ],
    "s-falsebelief-col-a-4": [
      375000,
      4748.979591836758
    ],
    "s-falsebelief-col-a-5": [
      381000,
      4627.845804988681
    ],
    "s-falsebelief-col-a-6": [
      387000,
      5120.929705215417
    ],
    "s-falsebelief-col-a-left": [
      394000,
      1666.4172335600824
    ],
    "s-falsebelief-col-a-right": [
      397000,
      1629.7052154195057
    ],
    "s-falsebelief-col-a": [
      400000,
      4894.625850340162
    ],
    "s-falsebelief-col-b-1": [
      406000,
      5719.047619047615
    ],
    "s-falsebelief-col-b-10": [
      413000,
      2805.2834467119965
    ],
    "s-falsebelief-col-b-11": [
      417000,
      1544.875283446686
    ],
    "s-falsebelief-col-b-2": [
      420000,
      4099.682539682533
    ],
    "s-falsebelief-col-b-3": [
      426000,
      1483.2653061224619
    ],
    "s-falsebelief-col-b-4": [
      429000,
      4507.4603174603
    ],
    "s-falsebelief-col-b-5": [
      435000,
      2231.201814058977
    ],
    "s-falsebelief-col-b-6": [
      439000,
      2799.4557823129185
    ],
    "s-falsebelief-col-b-7": [
      443000,
      1636.0544217687334
    ],
    "s-falsebelief-col-b-8": [
      446000,
      4011.541950113383
    ],
    "s-falsebelief-col-b-9": [
      452000,
      2211.043083900222
    ],
    "s-falsebelief-col-b-center": [
      456000,
      1823.40136054421
    ],