{
  "src": [
    "communities/german/combined.webm",
    "communities/german/combined.mp3"
  ],
  "sprite": {
    "neutral-response-alright": [
      0,
      1365.3514739229024
    ],
    "neutral-response-ok": [
      3000,
      1045.3514739229029
    ],
    "no": [
      6000,
      1045.3514739229029
    ],
    "pop": [
      9000,
      548.571428571428
    ],
    "s-diversebeliefs-a-1": [
      11000,
      4480
    ],
    "s-diversebeliefs-a-left": [
      17000,
      1130.6802721088438
    ],
    "s-diversebeliefs-a-right": [
      20000,
      1322.6530612244894
    ],
    "s-diversebeliefs-a": [
      23000,
      4309.3197278911575
    ],
    "s-diversebeliefs-b-1": [
      29000,
      1365.351473922903
    ],
    "s-diversebeliefs-b-left-nay": [
      32000,
      3733.3333333333344
    ],
    "s-diversebeliefs-b-left": [
      37000,
      1130.6802721088402
    ],
    "s-diversebeliefs-b-right-nay": [
      40000,
      3264.0136054421732
    ],
    "s-diversebeliefs-b-right": [
      45000,
      1322.6530612244928
    ],
    "s-diversebeliefs-b": [
      48000,
      2688.0045351473923
    ],
    "s-diversedesires-a-1": [
      52000,
      7132.6303854875305
    ],
    "s-diversedesires-a-2": [
      61000,
      4383.877551020404
    ],
    "s-diversedesires-a-3": [
      67000,
      1898.6848072562311
    ],
    "s-diversedesires-a-4": [
      70000,
      1749.3197278911623
    ],
    "s-diversedesires-a-5": [
      73000,
      1840.4761904761954
    ],
    "s-diversedesires-a-6": [
      76000,
      4503.401360544217
    ],
    "s-diversedesires-a-7": [
      82000,
      2218.6848072562384
    ],
    "s-diversedesires-a-8": [
      86000,
      2368.0045351473923
    ],
    "s-diversedesires-a-left": [
      90000,
      1045.3514739229063
    ],
    "s-diversedesires-a-right": [
      93000,
      1045.3514739229063
    ],
    "s-diversedesires-a": [
      96000,
      5141.3378684807185
    ],
    "s-diversedesires-b-1": [
      103000,
      7500
    ],
    "s-diversedesires-b-2": [
      112000,
      4319.251700680269
    ],
    "s-diversedesires-b-3": [
      118000,
      1984.0136054421719
    ],
    "s-diversedesires-b-4": [
      121000,
      1728.0045351473916
    ],
    "s-diversedesires-b-5": [
      124000,
      1870.839002267573
    ],
    "s-diversedesires-b-6": [
      127000,
      3878.5260770975183
    ],
    "s-diversedesires-b-7": [
      132000,
      2005.3514739229001
    ],
    "s-diversedesires-b-8": [
      136000,
      2069.3197278911557
    ],
    "s-diversedesires-b-left": [
      140000,
      1045.3514739228922
    ],
    "s-diversedesires-b-right": [
      143000,
      1045.3514739228922
    ],
    "s-diversedesires-b": [
      146000,
      5952.018140589558
    ],
    "s-diversedesires-c-left": [
      153000,
      1045.3514739228922
    ],
    "s-diversedesires-c-right": [
      156000,
      1045.3514739228922
    ],
    "s-diversedesires-c": [
      159000,
      7253.33333333333
    ],
    "s-diversedesires-d-1": [
      168000,
      1962.6530612245006
    ],
    "s-diversedesires-d-2": [
      171000,
      2090.680272108841
    ],
    "s-diversedesires-d-3-nay": [
      175000,
      1834.6712018140465
    ],
    "s-diversedesires-d-3-yay": [
      178000,
      2090.680272108841
    ],
    "s-diversedesires-d-4": [
      182000,
      2346.6666666666642
    ],
    "s-diversedesires-d-5-nay": [
      186000,
      1770.680272108848
    ],
    "s-diversedesires-d-5-yay": [
      189000,
      1941.3378684807299
    ],
    "s-diversedesires-d-6": [
      192000,
      2304.013605442179
    ],
    "s-diversedesires-d-left": [
      196000,
      1045.3514739228922
    ],
    "s-diversedesires-d-right": [
      199000,
      1045.3514739228922
    ],
    "s-diversedesires-d": [
      202000,
      4800.000000000011
    ],
    "s-diversedesires-e-1": [
      208000,
      7506.666666666661
    ],
    "s-diversedesires-e-2": [
      217000,
      2055.3968253968264
    ],
    "s-diversedesires-e-3": [
      221000,
      2139.0022675736873
    ],
    "s-diversedesires-e-4": [
      225000,
      1748.458049886608
    ],
    "s-diversedesires-e-left": [
      228000,
      1078.2539682539607
    ],
    "s-diversedesires-e-right": [
      231000,
      1029.047619047617
    ],
    "s-diversedesires-e": [
      234000,
      4126.5986394557785
    ],
    "s-dogtraining-1": [
      240000,
      6912.018140589566
    ],
    "s-dogtraining-2": [
      248000,
      2858.6848072562248
    ],
    "s-dogtraining-correct": [
      252000,
      4864.013605442153
    ],
    "s-dogtraining-incorrect": [
      258000,
      3690.680272108864
    ],
    "s-dogtraining": [
      263000,
      1962.6530612245006
    ],
    "s-emojichoice-center": [
      266000,
      1045.3514739228922
    ],
    "s-emojichoice-feedback": [
      269000,
      4352.018140589564
    ],
    "s-emojichoice-left": [
      275000,
      1045.3514739228922
    ],
    "s-emojichoice-right": [
      278000,
      11146.643990929704
    ],
    "s-emojichoice": [
      291000,
      8500.725623582752
    ],
    "s-falsebelief-two-a-1": [
      301000,
      6293.33333333335
    ],
    "s-falsebelief-two-a-2": [
      309000,
      5930.680272108816
    ],
    "s-falsebelief-two-a-3": [
      316000,
      3797.3469387754903
    ],
    "s-falsebelief-two-a-4": [
      321000,
      13098.684807256233
    ],
    "s-falsebelief-two-a-5": [
      336000,
      3242.6530612244733
    ],
    "s-falsebelief-two-a-left": [
      341000,
      1130.6802721088616
    ],
    "s-falsebelief-two-a-right": [
      344000,
      1450.6802721088548
    ],
    "s-falsebelief-two-a": [
      347000,
      6570.680272108859
    ],
    "s-falsebelief-two-b-1": [
      355000,
      5049.5238095238055
    ],
    "s-falsebelief-two-b-10": [
      362000,
      2927.4376417233725
    ],
    "s-falsebelief-two-b-2": [
      366000,
      2817.2789115646424
    ],
    "s-falsebelief-two-b-3": [
      370000,
      6847.120181405899
    ],
    "s-falsebelief-two-b-4": [
      378000,
      2786.984126984123
    ],
    "s-falsebelief-two-b-5": [
      382000,
      1777.392290249452
    ],
    "s-falsebelief-two-b-6": [
      385000,
      6250.068027210887
    ],
    "s-falsebelief-two-b-7": [
      393000,
      5705.170068027201
    ],
    "s-falsebelief-two-b-8": [
      400000,
      2690.702947845807
    ],
    "s-falsebelief-two-b-9": [
      404000,
      1627.8911564625673
    ],
    "s-falsebelief-two-b-left": [
      407000,
      1784.0816326530557
    ],
    "s-falsebelief-two-b-right": [
      410000,
      1728.2766439909096
    ],
    "s-falsebelief-two-b": [
      413000,
      6325.124716553262
    ],
    "s-knowledgeaccess-a-1": [
      421000,
      7552.018140589553
    ],
    "s-knowledgeaccess-a-2": [
      430000,
      2752.0181405895414
    ],
    "s-knowledgeaccess-a-3": [
      434000,
      3882.6530612245165
    ],
    "s-knowledgeaccess-a-4": [
      439000,
      2048.004535147413
    ],
    "s-knowledgeaccess-a": [
      443000,
      2944.013605442194
    ],
    "s-knowledgeaccess-b-1": [
      447000,
      5866.666666666674
    ],
    "s-knowledgeaccess-b-2": [
      454000,
      3754.6712018140624
    ],
    "s-knowledgeaccess-b-3": [
      459000,
      1877.3469387755313
    ],
    "s-knowledgeaccess-b-4": [
      462000,
      3370.6802721088707
    ],
    "s-knowledgeaccess-b-5": [
      467000,
      3434.6712018140693
    ],
    "s-knowledgeaccess-b-left": [
      472000,
      1045.3514739228922
    ],
    "s-knowledgeaccess-b-right": [
      475000,
      1045.3514739228922
    ],
    "s-knowledgeaccess-b": [
      478000,
      2730.6802721088275
    ],
    "s-knowledgeaccess-c-1": [
      482000,
      7658.684807256236
    ],
    "s-knowledgeaccess-c-2": [
      491000,
      1877.3469387755313
    ],
    "s-knowledgeaccess-c-3": [
      494000,
      2282.6530612244937
    ],