{
  "src": [
    "communities/german/combined.webm",
    "communities/german/combined.mp3"
  ],
  "sprite": {
    "neutral-response-alright": [
      0,
      1365.3514739229024
    ],
    "neutral-response-ok": [
      3000,
      1045.3514739229029
    ],
    "no": [
      6000,
      1045.3514739229029
    ],
    "pop": [
      9000,
      548.571428571428
    ],
    "s-aspectuality-a-1": [
      11000,
      3454.3537414965986
    ],
    "s-aspectuality-a-2": [
      16000,
      4493.605442176871
    ],
    "s-aspectuality-a-3": [
      22000,
      1955.9183673469392
    ],
    "s-aspectuality-a-4": [
      25000,
      3820.0680272108834
    ],
    "s-aspectuality-a-5": [
      30000,
      1825.8503401360535
    ],
    "s-aspectuality-a-left": [
      33000,
      1299.9999999999973
    ],
    "s-aspectuality-a-right": [
      36000,
      700.0000000000028
    ],
    "s-aspectuality-a": [
      38000,
      2727.9138321995474
    ],
    "s-aspectuality-b-1": [
      42000,
      7314.013605442177
    ],
    "s-aspectuality-b-2": [
      51000,
      1463.7868480725658
    ],
    "s-aspectuality-b-3": [
      54000,
      6564.625850340136
    ],
    "s-aspectuality-b-4": [
      62000,
      2775.736961451244
    ],
    "s-aspectuality-b-5": [
      66000,
      1601.111111111109
    ],
    "s-aspectuality-b-6": [
      69000,
      2787.3922902494287
    ],
    "s-aspectuality-b-left": [
      73000,
      949.795918367343
    ],
    "s-aspectuality-b-right": [
      75000,
      1042.6530612244846
    ],
    "s-aspectuality-b": [
      78000,
      4474.489795918373
    ],
    "s-diversebeliefs-a-1": [
      84000,
      4480.000000000004
    ],
    "s-diversebeliefs-a-left": [
      90000,
      1130.6802721088475
    ],
    "s-diversebeliefs-a-right": [
      93000,
      1322.6530612244858
    ],
    "s-diversebeliefs-a": [
      96000,
      4309.31972789115
    ],
    "s-diversebeliefs-b-1": [
      102000,
      1365.3514739228995
    ],
    "s-diversebeliefs-b-left-nay": [
      105000,
      3733.3333333333344
    ],
    "s-diversebeliefs-b-left": [
      110000,
      1130.6802721088475
    ],
    "s-diversebeliefs-b-right-nay": [
      113000,
      3264.0136054421732
    ],
    "s-diversebeliefs-b-right": [
      118000,
      1322.6530612244858
    ],
    "s-diversebeliefs-b": [
      121000,
      2688.0045351473996
    ],
    "s-diversebeliefs-c-1-left": [
      125000,
      3127.188208616786
    ],
    "s-diversebeliefs-c-1-right": [
      130000,
      3344.4444444444343
    ],
    "s-diversebeliefs-c-2": [
      135000,
      2671.3378684807194
    ],
    "s-diversebeliefs-c-3-left": [
      139000,
      3487.936507936496
    ],
    "s-diversebeliefs-c-3-right": [
      144000,
      3416.349206349196
    ],
    "s-diversebeliefs-c-left": [
      149000,
      483.2426303854902
    ],
    "s-diversebeliefs-c-right": [
      151000,
      556.0317460317492
    ],
    "s-diversebeliefs-c": [
      153000,
      2417.21088435375
    ],
    "s-diversedesires-a-1": [
      157000,
      7132.630385487517
    ],
    "s-diversedesires-a-2": [
      166000,
      4383.877551020419
    ],
    "s-diversedesires-a-3": [
      172000,
      1898.6848072562452
    ],
    "s-diversedesires-a-4": [
      175000,
      1749.3197278911623
    ],
    "s-diversedesires-a-5": [
      178000,
      1840.4761904761813
    ],
    "s-diversedesires-a-6": [
      181000,
      4503.401360544217
    ],
    "s-diversedesires-a-7": [
      187000,
      2218.6848072562384
    ],
    "s-diversedesires-a-8": [
      191000,
      2368.0045351474064
    ],
    "s-diversedesires-a-left": [
      195000,
      1045.3514739228922
    ],
    "s-diversedesires-a-right": [
      198000,
      1045.3514739228922
    ],
    "s-diversedesires-a": [
      201000,
      5141.3378684807185
    ],
    "s-diversedesires-b-1": [
      208000,
      7500
    ],
    "s-diversedesires-b-2": [
      217000,
      4319.251700680269
    ],
    "s-diversedesires-b-3": [
      223000,
      1984.0136054421862
    ],
    "s-diversedesires-b-4": [
      226000,
      1728.0045351473916
    ],
    "s-diversedesires-b-5": [
      229000,
      1870.8390022675871
    ],
    "s-diversedesires-b-6": [
      232000,
      3878.5260770975183
    ],
    "s-diversedesires-b-7": [
      237000,
      2005.3514739229001
    ],
    "s-diversedesires-b-8": [
      241000,
      2069.3197278911557
    ],
    "s-diversedesires-b-left": [
      245000,
      1045.3514739228922
    ],
    "s-diversedesires-b-right": [
      248000,
      1045.3514739228922
    ],
    "s-diversedesires-b": [
      251000,
      5952.018140589587
    ],
    "s-diversedesires-c-left": [
      258000,
      1045.3514739228922
    ],
    "s-diversedesires-c-right": [
      261000,
      1045.3514739228922
    ],
    "s-diversedesires-c": [
      264000,
      7253.33333333333
    ],
    "s-diversedesires-d-1": [
      273000,
      1962.6530612245006
    ],
    "s-diversedesires-d-2": [
      276000,
      2090.680272108841
    ],
    "s-diversedesires-d-3-nay": [
      280000,
      1834.6712018140465
    ],
    "s-diversedesires-d-3-yay": [
      283000,
      2090.680272108841
    ],
    "s-diversedesires-d-4": [
      287000,
      2346.6666666666924
    ],
    "s-diversedesires-d-5-nay": [
      291000,
      1770.680272108848
    ],
    "s-diversedesires-d-5-yay": [
      294000,
      1941.3378684807299
    ],
    "s-diversedesires-d-6": [
      297000,
      2304.013605442151
    ],
    "s-diversedesires-d-left": [
      301000,
      1045.3514739228922
    ],
    "s-diversedesires-d-right": [
      304000,
      1045.3514739228922
    ],
    "s-diversedesires-d": [
      307000,
      4800.000000000011
    ],
    "s-diversedesires-e-1": [
      313000,
      7506.666666666661
    ],
    "s-diversedesires-e-2": [
      322000,
      2335.1247165533096
    ],
    "s-diversedesires-e-3": [
      326000,
      2159.637188208592
    ],
    "s-diversedesires-e-4": [
      330000,
      1748.458049886608
    ],
    "s-diversedesires-e-left": [
      333000,
      1078.2539682539891
    ],
    "s-diversedesires-e-right": [
      336000,
      1029.047619047617
    ],
    "s-diversedesires-e": [
      339000,
      3500
    ],
    "s-dog-1": [
      344000,
      6912.018140589566
    ],
    "s-dog-2": [
      352000,
      2858.6848072562248
    ],
    "s-dog-correct": [
      356000,
      4864.013605442153
    ],
    "s-dog-incorrect": [
      362000,
      3690.680272108864
    ],
    "s-dog": [
      367000,
      1962.6530612245006
    ],
    "s-dogtraining-1": [
      370000,
      6912.018140589566
    ],
    "s-dogtraining-2": [
      378000,
      2858.6848072562248
    ],
    "s-dogtraining-correct": [
      382000,
      4864.013605442153
    ],
    "s-dogtraining-incorrect": [
      388000,
      3690.680272108864
    ],
    "s-dogtraining": [
      393000,
      1962.6530612245006
    ],
    "s-emojichoice-center": [
      396000,
      1045.3514739228922
    ],
    "s-emojichoice-feedback": [
      399000,
      4352.018140589564
    ],
    "s-emojichoice-left": [
      405000,
      1045.3514739228922
    ],
    "s-emojichoice-right": [
      408000,
      11146.643990929704
    ],
    "s-emojichoice": [
      421000,
      8500.725623582752
    ],
    "s-falsebelief-col-a-1": [
      431000,
      3587.482993197284
    ],
    "s-falsebelief-col-a-2": [
      436000,
      2701.791383219927
    ],
    "s-falsebelief-col-a-3": [
      440000,
      1857.3696145124927
    ],
    "s-falsebelief-col-a-4": [
      443000,
      4748.979591836758
    ],
    "s-falsebelief-col-a-5": [
      449000,
      4627.845804988681
    ],
    "s-falsebelief-col-a-6": [
      455000,
      5120.929705215417
    ],
    "s-falsebelief-col-a-left": [
      462000,
      1666.4172335600824
    ],
    "s-falsebelief-col-a-right": [
      465000,
      1629.7052154195057
    ],