{
  "src": [
    "communities/english/combined.webm",
    "communities/english/combined.mp3"
  ],
  "sprite": {
    "neutral-response-alright": [
      0,
      1045.3514739229024
    ],
    "neutral-response-ok": [
      3000,
      1024.0136054421764
    ],
    "no": [
      6000,
      1045.3514739229029
    ],
    "pop": [
      9000,
      548.571428571428
    ],
    "s-perspectivetaking-one-a": [
      11000,
      3968.004535147392
    ],
    "yes": [
      16000,
      1024.0136054421782
    ]
  }
}